{"loss": [0.35580334067344666, 0.05623430386185646, 0.04552135616540909, 0.13181529939174652, 0.039007917046546936, 0.026513416320085526, 0.024060722440481186, 0.02926783449947834, 0.02089104987680912, 0.015299083665013313], "accuracy": [0.9618374705314636, 0.9893993139266968, 0.9893993139266968, 0.9883392453193665, 0.9893993139266968, 0.9893993139266968, 0.9893993139266968, 0.9893993139266968, 0.9908127188682556, 0.9925795197486877], "val_loss": [0.48980477452278137, 0.4088282287120819, 1.017994999885559, 0.30600544810295105, 0.550530731678009, 0.40657028555870056, 0.7455516457557678, 0.7559594511985779, 0.5801569819450378, 1.0396530628204346], "val_accuracy": [0.8333333134651184, 0.8333333134651184, 0.8333333134651184, 0.8428571224212646, 0.8333333134651184, 0.8333333134651184, 0.836904764175415, 0.8333333134651184, 0.8702380657196045, 0.8857142925262451]}